{"cameraMode":{"drawMode":0,"name":"Shaded","section":"Shading Mode"},"sceneLighting":false,"audioPlay":false,"sceneViewState":{"showFog":true,"showMaterialUpdate":false,"showSkybox":false,"showFlares":true,"showImageEffects":true,"showParticleSystems":true},"in2DMode":false,"pivot":{"x":0.25741785764694216,"y":-0.015130099840462208,"z":-0.0586264543235302},"rotation":{"x":0.5073830485343933,"y":-0.13330869376659394,"z":0.0798000916838646,"w":0.847599446773529},"size":2.5143065452575685,"orthographic":false}