{"cameraMode":{"drawMode":0,"name":"Shaded","section":"Shading Mode"},"sceneLighting":false,"audioPlay":false,"sceneViewState":{"showFog":true,"showMaterialUpdate":false,"showSkybox":false,"showFlares":true,"showImageEffects":true,"showParticleSystems":true},"in2DMode":false,"pivot":{"x":-2.9373116493225099,"y":2.376063823699951,"z":-2.052053689956665},"rotation":{"x":0.15194912254810334,"y":0.8252331018447876,"z":-0.26344117522239687,"w":0.4760250151157379},"size":3.0374999046325685,"orthographic":false}