{"cameraMode":{"drawMode":0,"name":"Shaded","section":"Shading Mode"},"sceneLighting":false,"audioPlay":false,"sceneViewState":{"showFog":true,"showMaterialUpdate":false,"showSkybox":false,"showFlares":true,"showImageEffects":true,"showParticleSystems":true},"in2DMode":false,"pivot":{"x":0.0031916287261992695,"y":-0.2812175750732422,"z":0.6569093465805054},"rotation":{"x":0.17506560683250428,"y":-0.2574750781059265,"z":0.04748135805130005,"w":0.9491194486618042},"size":2.8578836917877199,"orthographic":false}