{"cameraMode":{"drawMode":0,"name":"Shaded","section":"Shading Mode"},"sceneLighting":false,"audioPlay":false,"sceneViewState":{"showFog":true,"showMaterialUpdate":false,"showSkybox":true,"showFlares":true,"showImageEffects":true,"showParticleSystems":true},"in2DMode":false,"pivot":{"x":-23.322265625,"y":-21.004886627197267,"z":-18.94097900390625},"rotation":{"x":0.13931792974472047,"y":-0.8588345646858215,"z":0.31680959463119509,"w":0.37767064571380618},"size":56.04285430908203,"orthographic":true}